insert into users (username, first_name, last_name, password_hash, email) values ('ddevonish0', 'Daffie', 'Devonish', '$2a$04$qNdAmdfgOqXjJsrZ6DN3neMhsgZMFF.gnhul9VHucHMWjNcaNw2ma', 'ddevonish0@discovery.com');
insert into users (username, first_name, last_name, password_hash, email) values ('bsponder1', 'Byrann', 'Sponder', '$2a$04$QbN43MKKCVYxCQO95PIL.ez66h.rOCjuend/mnadjUJVl3CkEHH3K', 'bsponder1@hc360.com');
insert into users (username, first_name, last_name, password_hash, email) values ('bwauchope2', 'Bambie', 'Wauchope', '$2a$04$8SMY6iX6IktTckWSJZwv/en5ZhWJqmCATwG53FecxZgBeiRnyB4TG', 'bwauchope2@bloomberg.com');
insert into users (username, first_name, last_name, password_hash, email) values ('nnoton3', 'Nowell', 'Noton', '$2a$04$mDAn2NV8C9yMI3ZEUjAES.Ks.KVAtR8CcF/IzQvX6CZFzXNaXL1tm', 'nnoton3@rediff.com');
insert into users (username, first_name, last_name, password_hash, email) values ('bbottjer4', 'Boycie', 'Bottjer', '$2a$04$rVZelQSDIz18aeuMi2EtzeZiHCilK1fj8yUvyf1lQUehxjIwdTK92', 'bbottjer4@umich.edu');
insert into users (username, first_name, last_name, password_hash, email) values ('patack5', 'Patton', 'Atack', '$2a$04$VxyumGJPu8QZn1Gpy21WNOqnHaCbArQxyr9y9Qd7fGAq69gp4UdZK', 'patack5@whitehouse.gov');
insert into users (username, first_name, last_name, password_hash, email) values ('mfisbey6', 'Marji', 'Fisbey', '$2a$04$a0N0JnzLeEz5m5B.XKTEvObcijygTDgMFHEIh7/XqXyNAHbcah5LG', 'mfisbey6@hatena.ne.jp');
insert into users (username, first_name, last_name, password_hash, email) values ('mschlagman7', 'Merl', 'Schlagman', '$2a$04$4apuKt49t8r4V8fqNej93.bPfqp/ACmYl3Dsn4plrrNVh72MTmeNa', 'mschlagman7@g.co');
insert into users (username, first_name, last_name, password_hash, email) values ('dscurfield8', 'Dorella', 'Scurfield', '$2a$04$e5rma/ElrA2TxNe5ehHlM.aifukqc1j1L6LsrZcbBw3AaG4i/3YyO', 'dscurfield8@nymag.com');
insert into users (username, first_name, last_name, password_hash, email) values ('vpeacocke9', 'Vivyan', 'Peacocke', '$2a$04$Oz2ZU9IAOao4kPQITt6JLelXI.L9tNQoPVUkr5PQtjzrd7/L2DoYm', 'vpeacocke9@cbsnews.com');
insert into users (username, first_name, last_name, password_hash, email) values ('kgippa', 'Kurt', 'Gipp', '$2a$04$I.2FRnfmZsb6L2r9v32znehJ.SmvQeolkBBR1AsFhjXddC5FJG67i', 'kgippa@elpais.com');
insert into users (username, first_name, last_name, password_hash, email) values ('nstygallb', 'Newton', 'Stygall', '$2a$04$fzznvDM3ygSaq2tnCf61LuNNR/WbAzKPBY1bKl8G51PIl/fSZb0by', 'nstygallb@wordpress.com');
insert into users (username, first_name, last_name, password_hash, email) values ('ubinglec', 'Ulberto', 'Bingle', '$2a$04$mFqOHQN.qQXk62yKI7PO0eQ8OxhyLY6P5O5AJM8bIIgTzQCtABUFi', 'ubinglec@delicious.com');
insert into users (username, first_name, last_name, password_hash, email) values ('llyled', 'Leoine', 'Lyle', '$2a$04$C.cSSShlWH9BLw2ihKoz2OSXhACuqZF/CBWQ6z.dIVaA4iafEFGTy', 'llyled@businessinsider.com');
insert into users (username, first_name, last_name, password_hash, email) values ('sgoadee', 'Stanleigh', 'Goade', '$2a$04$V055HQLI/4fbKFSSGsHyOeLfR.5jVD55uXakxxsKBJgGMSXV6YJM6', 'sgoadee@dion.ne.jp');
insert into users (username, first_name, last_name, password_hash, email) values ('jorrillf', 'Jaimie', 'Orrill', '$2a$04$LPY22eFNGMp1aXQYSJl/POyvPTEvEQKSMJLFkAxiG9Nl6Ou9JWesq', 'jorrillf@sciencedirect.com');
insert into users (username, first_name, last_name, password_hash, email) values ('bstokeg', 'Brenda', 'Stoke', '$2a$04$uOVecWo0NFo7cjInifwyR.y4Z9S6GPptS1JoNbo1UqOBCmLACIO/O', 'bstokeg@google.cn');
insert into users (username, first_name, last_name, password_hash, email) values ('phowerdh', 'Pat', 'Howerd', '$2a$04$gYjn4suvnE6xcmAGnkzAUuXIRdMdBlPOpBey8fyQiWEO3UYLoTWlK', 'phowerdh@feedburner.com');
insert into users (username, first_name, last_name, password_hash, email) values ('atrevainsi', 'Arabella', 'Trevains', '$2a$04$b/eYsw.WD7vEj/VsE3/2AenBmg1p/K/.m34bYpK3CZepqKD9t04aK', 'atrevainsi@flavors.me');
insert into users (username, first_name, last_name, password_hash, email) values ('cdavernj', 'Cloe', 'Davern', '$2a$04$0.ReX9362XHAqIkMv1f8iu.RJkjYjEQaFPKUhQ/rwc7oEyFRVM3cm', 'cdavernj@baidu.com');
insert into users (username, first_name, last_name, password_hash, email) values ('jmorfieldk', 'Jaquelyn', 'Morfield', '$2a$04$QR7CXj26ptqMewJRKGp/Ducq2W/pzVT.8akyKPGPt69D93jbOyQPy', 'jmorfieldk@rediff.com');
insert into users (username, first_name, last_name, password_hash, email) values ('ocorryl', 'Oona', 'Corry', '$2a$04$4SaJPQ83uFRkp5Zd/KDv8uYSoonFZAsgMy1r0v23FzrawvjgeT7Ui', 'ocorryl@woothemes.com');
insert into users (username, first_name, last_name, password_hash, email) values ('kdecrusem', 'Kalil', 'Decruse', '$2a$04$5CUw/QFLe3Np0m4U6C4N9.0hW2V405EFs4uZfyQOKHJyGpBCFCt6C', 'kdecrusem@csmonitor.com');
insert into users (username, first_name, last_name, password_hash, email) values ('mmucklestonen', 'Marieann', 'Mucklestone', '$2a$04$gSiaKbksBv3GRhclXGXsDOqDLgtjdrd43BA1PkDOjlYLnU4DN3pKu', 'mmucklestonen@addthis.com');
insert into users (username, first_name, last_name, password_hash, email) values ('msarfato', 'Mose', 'Sarfat', '$2a$04$XFGHMi3RfsRtLRSocD6J5uJqndtNRWuE.ikZKy4bGOwT2W4neEMgG', 'msarfato@freewebs.com');

insert into pets (id, name, class, breed, age, color, weight, birthday, eye_color, location, bio, image_url) values (1, 'Toiboid Legh', 'Ocelot', 'Ragdoll', 11.4, 'Green', 1.5, '6/6/2007', 'Aquamarine', 'Belyye Stolby', '-', '-');
insert into pets (id, name, class, breed, age, color, weight, birthday, eye_color, location, bio, image_url) values (2, 'Daffie Blissitt', 'Weaver, red-billed buffalo', 'Golden Retriever', 5.9, 'Fuscia', 178.3, '4/26/2003', 'Teal', 'Cangkreng', '-', '-');
insert into pets (id, name, class, breed, age, color, weight, birthday, eye_color, location, bio, image_url) values (3, 'Rriocard Guilloux', 'Chilean flamingo', 'Labrador Retriever', 15.6, 'Purple', 147.7, '7/26/2013', 'Red', 'Adiaké', '-', '-');
insert into pets (id, name, class, breed, age, color, weight, birthday, eye_color, location, bio, image_url) values (4, 'Cariotta Leonard', 'Sheep, stone', 'German Shepherd', 5.9, 'Orange', 104.8, '10/20/2013', 'Teal', 'Petrivka', '-', '-');
insert into pets (id, name, class, breed, age, color, weight, birthday, eye_color, location, bio, image_url) values (5, 'Chickie Dinneen', 'Southern boubou', 'Labrador Retriever', 1.2, 'Red', 18.0, '3/31/2007', 'Yellow', 'Alíartos', '-', '-');
insert into pets (id, name, class, breed, age, color, weight, birthday, eye_color, location, bio, image_url) values (6, 'Maurie Somerville', 'Hyena, striped', 'Ragdoll', 15.6, 'Khaki', 191.4, '6/13/2007', 'Crimson', 'Kalān Deh', '-', '-');
insert into pets (id, name, class, breed, age, color, weight, birthday, eye_color, location, bio, image_url) values (7, 'Oralia Spencelayh', 'Possum, pygmy', 'Bengal', 3.9, 'Maroon', 131.7, '11/15/2015', 'Aquamarine', 'Hongqi', '-', '-');
insert into pets (id, name, class, breed, age, color, weight, birthday, eye_color, location, bio, image_url) values (8, 'Sharlene Denacamp', 'Hanuman langur', 'Ragdoll', 19.2, 'Mauv', 160.6, '9/6/2007', 'Indigo', 'Daogao', '-', '-');
insert into pets (id, name, class, breed, age, color, weight, birthday, eye_color, location, bio, image_url) values (9, 'Susanna Costy', 'Grouse, sage', 'Labrador Retriever', 7.4, 'Mauv', 91.3, '9/3/2006', 'Indigo', 'Los Pinos', '-', '-');
insert into pets (id, name, class, breed, age, color, weight, birthday, eye_color, location, bio, image_url) values (10, 'Frasquito Dust', 'Sheep, red', 'German Shepherd', 8.7, 'Red', 120.0, '10/15/2020', 'Orange', 'Nal’chik', '-', '-');
insert into pets (id, name, class, breed, age, color, weight, birthday, eye_color, location, bio, image_url) values (11, 'Aimee Glynn', 'Deer, swamp', 'Ragdoll', 11.5, 'Aquamarine', 59.9, '8/5/2006', 'Yellow', 'Fubin', '-', '-');
insert into pets (id, name, class, breed, age, color, weight, birthday, eye_color, location, bio, image_url) values (12, 'Elisa Cotterell', 'Dusky gull', 'Persian', 12.1, 'Fuscia', 117.1, '12/30/2008', 'Turquoise', 'Dalonghua', '-', '-');
insert into pets (id, name, class, breed, age, color, weight, birthday, eye_color, location, bio, image_url) values (13, 'Walton Martyntsev', 'Woolly-necked stork', 'Bengal', 18.8, 'Crimson', 68.2, '4/21/2019', 'Puce', 'Glubokiy', '-', '-');
insert into pets (id, name, class, breed, age, color, weight, birthday, eye_color, location, bio, image_url) values (14, 'Blondy Danielkiewicz', 'Francolin, coqui', 'Siamese', 9.2, 'Crimson', 64.4, '1/23/2000', 'Violet', 'Lukavice', '-', '-');
insert into pets (id, name, class, breed, age, color, weight, birthday, eye_color, location, bio, image_url) values (15, 'Alessandra Yanukhin', 'Blue peacock', 'Golden Retriever', 5.0, 'Crimson', 38.8, '9/4/2009', 'Crimson', 'Damanhūr', '-', '-');
insert into pets (id, name, class, breed, age, color, weight, birthday, eye_color, location, bio, image_url) values (16, 'Darryl Robrow', 'Brindled gnu', 'Golden Retriever', 18.0, 'Indigo', 13.5, '1/14/2019', 'Indigo', 'Novomichurinsk', '-', '-');
insert into pets (id, name, class, breed, age, color, weight, birthday, eye_color, location, bio, image_url) values (17, 'Finley Stonehewer', 'Seal, harbor', 'German Shepherd', 16.4, 'Indigo', 153.6, '4/12/2013', 'Goldenrod', 'Kertasari', '-', '-');
insert into pets (id, name, class, breed, age, color, weight, birthday, eye_color, location, bio, image_url) values (18, 'Gianna Cone', 'Eastern cottontail rabbit', 'Persian', 10.0, 'Orange', 4.7, '10/28/2009', 'Puce', 'Huayan', '-', '-');
insert into pets (id, name, class, breed, age, color, weight, birthday, eye_color, location, bio, image_url) values (19, 'Eben Trunby', 'Painted stork', 'Golden Retriever', 18.6, 'Purple', 92.5, '9/11/2012', 'Teal', 'Piława Górna', '-', '-');
insert into pets (id, name, class, breed, age, color, weight, birthday, eye_color, location, bio, image_url) values (20, 'Javier Audenis', 'Frogmouth, tawny', 'Beagle', 2.6, 'Green', 43.7, '1/2/2002', 'Maroon', 'Kristinestad', '-', '-');
insert into pets (id, name, class, breed, age, color, weight, birthday, eye_color, location, bio, image_url) values (21, 'Larine Courtier', 'Hudsonian godwit', 'Golden Retriever', 15.5, 'Violet', 39.2, '12/16/2013', 'Teal', 'Dodola', '-', '-');
insert into pets (id, name, class, breed, age, color, weight, birthday, eye_color, location, bio, image_url) values (22, 'Vaughn Huyhton', 'Starfish, crown of thorns', 'Labrador Retriever', 15.2, 'Orange', 11.0, '1/26/2008', 'Yellow', 'Ajdabiya', '-', '-');
insert into pets (id, name, class, breed, age, color, weight, birthday, eye_color, location, bio, image_url) values (23, 'Law Pensom', 'Fox, silver-backed', 'Golden Retriever', 19.8, 'Yellow', 129.4, '1/24/2009', 'Purple', 'Málaga', '-', '-');
insert into pets (id, name, class, breed, age, color, weight, birthday, eye_color, location, bio, image_url) values (24, 'Annice Sichardt', 'Weaver, red-billed buffalo', 'Ragdoll', 11.3, 'Goldenrod', 120.5, '1/9/2010', 'Red', 'Viljoenskroon', '-', '-');
insert into pets (id, name, class, breed, age, color, weight, birthday, eye_color, location, bio, image_url) values (25, 'Bern Valente', 'Snowy owl', 'Beagle', 14.6, 'Aquamarine', 162.4, '1/4/2005', 'Crimson', 'Monastyrshchina', '-', '-');

insert into users_to_pets (user_id, pet_id) values (1, 1);
insert into users_to_pets (user_id, pet_id) values (2, 2);
insert into users_to_pets (user_id, pet_id) values (3, 3);
insert into users_to_pets (user_id, pet_id) values (4, 4);
insert into users_to_pets (user_id, pet_id) values (5, 5);
insert into users_to_pets (user_id, pet_id) values (6, 6);
insert into users_to_pets (user_id, pet_id) values (7, 7);
insert into users_to_pets (user_id, pet_id) values (8, 8);
insert into users_to_pets (user_id, pet_id) values (9, 9);
insert into users_to_pets (user_id, pet_id) values (10, 10);
insert into users_to_pets (user_id, pet_id) values (11, 11);
insert into users_to_pets (user_id, pet_id) values (12, 12);
insert into users_to_pets (user_id, pet_id) values (13, 13);
insert into users_to_pets (user_id, pet_id) values (14, 14);
insert into users_to_pets (user_id, pet_id) values (15, 15);
insert into users_to_pets (user_id, pet_id) values (16, 16);
insert into users_to_pets (user_id, pet_id) values (17, 17);
insert into users_to_pets (user_id, pet_id) values (18, 18);
insert into users_to_pets (user_id, pet_id) values (19, 19);
insert into users_to_pets (user_id, pet_id) values (20, 20);
insert into users_to_pets (user_id, pet_id) values (21, 21);
insert into users_to_pets (user_id, pet_id) values (22, 22);
insert into users_to_pets (user_id, pet_id) values (23, 23);
insert into users_to_pets (user_id, pet_id) values (24, 24);
insert into users_to_pets (user_id, pet_id) values (25, 25);


